"Name","Color","Rarity","# Seen","ALSA","# Picked","ATA","# GP","% GP","GP WR","# OH","OH WR","# GD","GD WR","# GIH","GIH WR","# GNS","GNS WR","IWD"
"Bonehoard Dracosaur","R","M","970","1.15","877","1.13","1245","100.0%","61.0%","221","","313","","534","71.2%","707","53.2%","18.0pp"
"Palani's Hatcher","RG","R","2778","1.73","1684","1.66","4725","100.0%","61.2%","797","69.1%","1074","71.0%","1871","70.2%","2817","55.0%","15.3pp"
"Trumpeting Carnosaur","R","R","2164","1.30","1751","1.28","2566","100.0%","59.4%","440","","606","66.0%","1046","66.7%","1500","54.1%","12.7pp"
"Pugnacious Hammerskull","G","R","2708","1.64","1464","1.60","3589","100.0%","60.0%","694","70.9%","819","62.9%","1513","66.6%","2056","54.9%","11.6pp"
"Huatli, Poet of Unity","G","M","1098","1.38","812","1.33","1667","100.0%","59.0%","322","","405","","727","66.2%","931","53.1%","13.1pp"
"Magmatic Galleon","R","R","2629","1.61","1895","1.57","2073","99.4%","58.1%","335","","475","","810","64.6%","1264","54.0%","10.5pp"
"Sentinel of the Nameless City","G","R","2598","1.57","1611","1.50","2363","99.6%","60.2%","425","","553","62.2%","978","64.5%","1387","57.1%","7.4pp"
"Roaming Throne","","R","2261","1.31","1687","1.30","1279","98.8%","59.2%","224","","295","","519","64.2%","755","55.6%","8.5pp"
"The Skullspore Nexus","G","M","1240","1.55","684","1.47","1282","99.3%","61.2%","204","","327","","531","64.0%","752","59.2%","4.9pp"
"Hulking Raptor","G","R","2568","1.54","1280","1.51","3007","100.0%","58.6%","511","66.5%","719","60.5%","1230","63.0%","1764","55.6%","7.5pp"
"Ojer Kaslem, Deepest Growth","G","M","1028","1.27","726","1.20","1212","100.0%","56.4%","214","","287","","501","62.9%","702","51.7%","11.2pp"
"Intrepid Paleontologist","G","R","2859","1.75","1378","1.71","3064","100.0%","58.7%","572","65.7%","680","60.0%","1252","62.6%","1793","55.8%","6.8pp"
"Breeches, Eager Pillager","R","R","2399","1.48","1819","1.44","1541","99.7%","59.2%","277","","363","","640","62.5%","897","57.1%","5.4pp"
"Restless Ridgeline","","R","4242","2.57","1291","2.79","3241","99.4%","58.9%","613","64.9%","734","60.4%","1347","62.4%","1883","56.3%","6.1pp"
"Inti, Seneschal of the Sun","R","R","2529","1.54","1837","1.52","1844","100.0%","59.5%","338","","408","","746","62.3%","1090","57.4%","4.9pp"
"Itzquinth, Firstborn of Gishath","RG","U","18366","3.56","4496","4.05","17236","99.5%","59.0%","3056","61.6%","4110","62.3%","7166","62.0%","9973","56.7%","5.3pp"
"Geological Appraiser","R","U","15802","2.87","6606","3.23","7675","97.4%","58.3%","1316","60.6%","1789","60.4%","3105","60.5%","4541","56.8%","3.7pp"
"Belligerent Yearling","R","U","16451","3.02","5308","3.49","11485","99.8%","59.2%","2135","62.8%","2601","57.6%","4736","60.0%","6721","58.7%","1.3pp"
"Jadelight Spelunker","G","R","2838","1.75","1461","1.69","2122","99.6%","57.7%","385","","483","","868","59.7%","1237","56.3%","3.4pp"
"Thrashing Brontodon","G","U","17753","3.12","4259","3.76","10280","99.5%","58.3%","1804","59.3%","2324","59.6%","4128","59.5%","6124","57.5%","1.9pp"
"Pathfinding Axejaw","G","C","62688","4.41","10177","5.87","24120","97.2%","58.3%","4061","59.2%","5661","58.8%","9722","59.0%","14315","58.0%","1.0pp"
"Bedrock Tortoise","G","R","2893","1.76","1429","1.69","2213","99.6%","57.2%","377","","500","55.6%","877","59.0%","1326","55.8%","3.1pp"
"Abrade","R","C","40002","2.81","16888","3.25","20508","99.8%","57.7%","3657","57.6%","4799","59.9%","8456","58.9%","12047","56.9%","2.0pp"
"Scytheclaw Raptor","R","U","16287","2.92","5030","3.48","8849","99.7%","58.0%","1590","59.7%","2051","57.8%","3641","58.6%","5190","57.5%","1.2pp"
"Triumphant Chomp","R","U","18415","3.29","5588","3.93","10929","99.1%","58.2%","1815","58.1%","2627","58.8%","4442","58.5%","6484","58.0%","0.6pp"
"Poison Dart Frog","G","C","56780","3.99","10276","5.11","21689","97.1%","57.7%","3920","61.6%","4524","55.6%","8444","58.4%","13165","57.3%","1.1pp"
"Cavern Stomper","G","C","75596","5.76","8982","8.21","17555","82.0%","57.5%","2703","57.1%","4105","59.2%","6808","58.4%","10669","57.0%","1.4pp"
"Huatli's Final Strike","G","C","63359","4.49","10509","5.86","22309","95.9%","58.1%","3450","57.2%","5379","58.9%","8829","58.2%","13476","58.0%","0.3pp"
"Cenote Scout","G","U","21613","3.87","4594","4.82","7397","92.7%","57.8%","1331","62.2%","1545","54.4%","2876","58.0%","4493","57.8%","0.2pp"
"Dreadmaw's Ire","R","U","21998","3.93","6540","4.77","8698","94.5%","57.4%","1433","56.1%","2011","59.1%","3444","57.9%","5252","57.1%","0.7pp"
"Armored Kincaller","G","C","72779","5.40","10103","7.44","28403","96.1%","57.9%","4851","58.4%","6528","57.4%","11379","57.9%","16935","57.9%","-0.1pp"
"Scampering Surveyor","","U","19626","3.34","5869","4.11","3275","86.3%","57.7%","583","57.8%","707","57.9%","1290","57.8%","1973","57.7%","0.2pp"
"Saheeli's Lattice","R","U","32465","4.77","6824","6.16","10451","92.3%","57.7%","1904","59.4%","2255","56.5%","4159","57.8%","6295","57.7%","0.2pp"
"Staggering Size","G","C","89148","7.74","9997","10.85","11359","56.5%","57.3%","1780","58.5%","2527","57.2%","4307","57.8%","7051","57.1%","0.7pp"
"Colossadactyl","G","U","17227","3.08","3826","3.77","8820","99.8%","57.3%","1421","57.8%","2083","57.7%","3504","57.7%","5283","57.1%","0.7pp"
"Earthshaker Dreadmaw","G","U","17299","3.23","3700","3.84","10602","98.6%","56.9%","1716","56.9%","2511","58.1%","4227","57.6%","6298","56.4%","1.2pp"
"Malamet Battle Glyph","G","U","21063","3.75","4179","4.71","8220","96.7%","56.8%","1311","54.4%","1928","59.7%","3239","57.5%","4978","56.3%","1.2pp"
"Tendril of the Mycotyrant","G","U","23818","4.44","4260","5.61","7313","90.2%","57.5%","1318","57.8%","1599","57.2%","2917","57.5%","4359","57.4%","0.1pp"
"Panicked Altisaur","R","C","76978","5.88","9994","8.59","16249","83.8%","57.1%","2608","57.1%","3847","57.8%","6455","57.5%","9742","56.9%","0.6pp"
"Hidden Volcano","","B","73167","6.00","11580","8.50","15069","96.4%","57.1%","2671","58.4%","3469","56.6%","6140","57.4%","8883","57.0%","0.4pp"
"Etali's Favor","R","C","82257","6.48","14326","8.55","11905","65.7%","57.9%","1961","56.9%","2800","57.7%","4761","57.3%","7143","58.2%","-0.9pp"
"Enterprising Scallywag","R","U","21576","3.86","5432","4.73","4907","85.4%","56.5%","896","59.5%","991","55.2%","1887","57.2%","3012","56.0%","1.2pp"
"Ixalli's Lorekeeper","G","U","25099","4.99","3576","6.68","10527","90.2%","57.0%","1926","60.9%","2117","53.8%","4043","57.2%","6468","57.0%","0.2pp"
"Hidden Nursery","","B","72351","6.01","8891","8.61","15844","96.7%","57.1%","2866","59.0%","3575","55.6%","6441","57.1%","9351","57.1%","-0.0pp"
"Brass's Tunnel-Grinder","R","R","3588","2.16","1554","2.20","1223","86.9%","54.1%","212","","307","","519","56.6%","704","52.3%","4.4pp"
"Plundering Pirate","R","C","69091","4.85","16068","6.27","15564","88.5%","56.7%","2778","58.6%","3317","54.8%","6095","56.6%","9430","56.9%","-0.3pp"
"River Herald Guide","G","C","74485","5.57","10575","7.60","14391","79.4%","56.6%","2558","56.3%","3149","56.6%","5707","56.4%","8635","56.7%","-0.3pp"
"Volatile Wanderglyph","R","C","77861","5.65","16313","7.37","11655","75.4%","57.3%","2118","59.3%","2396","53.5%","4514","56.2%","7122","58.0%","-1.8pp"
"Rumbling Rockslide","R","C","68948","4.96","13164","6.74","17626","90.5%","56.9%","2730","54.9%","4228","56.8%","6958","56.1%","10661","57.4%","-1.3pp"
"Burning Sun Cavalry","R","C","83093","6.69","11588","9.34","25832","88.1%","57.2%","4566","57.9%","5551","54.2%","10117","55.8%","15670","58.0%","-2.2pp"
"Dinotomaton","R","C","74435","5.46","11905","7.65","17765","87.8%","56.6%","2931","55.0%","4116","56.4%","7047","55.8%","10664","57.1%","-1.3pp"
"Jade Seedstones","G","U","32117","4.95","4512","6.85","5384","70.8%","56.1%","813","53.3%","1272","57.4%","2085","55.8%","3300","56.3%","-0.5pp"
"Coati Scavenger","G","U","24162","4.45","3945","5.81","5049","80.1%","56.4%","859","54.2%","1077","56.7%","1936","55.6%","3088","56.9%","-1.3pp"
"Poetic Ingenuity","R","R","3209","2.09","1669","2.00","1590","82.0%","54.5%","264","","340","","604","55.6%","986","53.8%","1.9pp"
"Seismic Monstrosaur","R","C","75662","5.54","10144","8.09","15904","85.4%","56.0%","2657","54.9%","3606","56.1%","6263","55.6%","9579","56.2%","-0.6pp"
"Sunshot Militia","R","C","80799","6.32","17149","8.07","6154","49.4%","56.3%","1044","54.1%","1343","56.7%","2387","55.6%","3748","56.7%","-1.1pp"
"Rampaging Ceratops","R","U","24251","4.54","3741","6.28","7186","90.9%","56.2%","1098","54.6%","1752","56.2%","2850","55.6%","4320","56.6%","-1.1pp"
"Walk with the Ancestors","G","C","88693","7.65","8657","11.24","5792","36.9%","55.2%","856","55.5%","1387","55.5%","2243","55.5%","3548","55.0%","0.5pp"
"Explorer's Cache","G","U","27983","5.34","4179","7.16","3975","65.7%","56.1%","663","57.0%","868","54.0%","1531","55.3%","2444","56.6%","-1.3pp"
"Nurturing Bristleback","G","C","72560","5.35","9082","7.66","16501","86.1%","56.3%","2789","52.2%","3802","57.5%","6591","55.3%","9801","56.9%","-1.6pp"
"Twists and Turns","G","U","28604","4.44","4668","5.76","4834","69.7%","55.2%","798","54.0%","1162","56.0%","1960","55.2%","2873","55.2%","0.0pp"
"Seeker of Sunlight","G","C","85815","7.29","7475","11.00","3410","30.4%","52.7%","641","55.4%","744","54.3%","1385","54.8%","2011","51.5%","3.3pp"
"Malamet Veteran","G","C","85109","6.95","8150","10.39","4810","38.9%","54.6%","772","52.6%","1136","56.3%","1908","54.8%","2882","54.4%","0.3pp"
"Ancestors' Aid","R","C","88740","7.57","12510","10.54","5711","38.2%","54.6%","846","54.4%","1245","54.9%","2091","54.7%","3615","54.6%","0.2pp"
"Dire Flail","R","R","3681","2.22","2095","2.15","1725","91.3%","56.5%","290","","420","","710","54.6%","1017","57.6%","-3.0pp"
"Digsite Conservator","","U","27149","4.49","5802","6.10","2101","70.7%","57.0%","419","","460","","879","54.6%","1218","58.9%","-4.3pp"
"Sunfire Torch","R","C","80059","6.14","17467","7.81","9541","58.4%","56.0%","1627","52.9%","2087","55.1%","3714","54.1%","5827","57.1%","-3.1pp"
"Malamet Scythe","G","C","90162","8.02","9065","11.67","4033","26.4%","54.3%","620","54.5%","926","53.8%","1546","54.1%","2487","54.5%","-0.4pp"
"Promising Vein","","B","73799","6.01","9748","8.64","4220","62.1%","54.1%","802","54.4%","1014","53.2%","1816","53.7%","2384","54.4%","-0.7pp"
"Compass Gnome","","C","84049","6.11","12669","8.72","3838","46.0%","54.8%","705","56.6%","784","50.9%","1489","53.6%","2340","55.7%","-2.1pp"
"Glimpse the Core","G","U","28749","5.59","3305","7.98","4432","65.7%","55.7%","793","57.3%","911","49.9%","1704","53.3%","2727","57.2%","-3.8pp"
"Captivating Cave","","B","72074","5.76","9793","8.31","5269","73.1%","54.3%","977","52.4%","1234","54.1%","2211","53.3%","3027","54.9%","-1.5pp"
"Diamond Pick-Axe","R","U","21914","4.03","5881","4.79","4023","76.3%","54.3%","708","53.0%","893","53.2%","1601","53.1%","2421","55.1%","-2.1pp"
"Careening Mine Cart","","U","23402","3.97","6787","4.95","2255","65.7%","56.1%","411","","487","","898","52.9%","1357","58.1%","-5.2pp"
"Idol of the Deep King","R","C","70280","5.26","13720","7.05","9694","69.9%","54.6%","1640","51.4%","2194","53.6%","3834","52.7%","5860","55.9%","-3.2pp"
"In the Presence of Ages","G","C","91258","8.18","8860","11.93","2669","20.1%","55.3%","455","","618","52.6%","1073","52.6%","1596","57.1%","-4.6pp"
"Mineshaft Spider","G","C","88130","7.49","8741","10.96","3670","28.5%","54.6%","584","50.5%","836","53.9%","1420","52.5%","2240","55.9%","-3.4pp"
"Brazen Blademaster","R","C","84883","6.90","12811","9.52","1880","20.8%","51.9%","309","","383","","692","52.5%","1180","51.4%","1.1pp"
"Curator of Sun's Creation","R","U","27782","5.50","3910","7.60","2162","42.4%","51.9%","354","","499","","853","52.2%","1296","52.0%","0.2pp"
"Malamet Brawler","G","C","87954","7.44","9349","10.67","9732","51.7%","55.0%","1735","53.7%","1973","50.5%","3708","52.0%","6008","57.0%","-5.0pp"
"Hotfoot Gnome","R","C","88142","7.34","11433","10.46","4569","36.1%","53.7%","792","48.1%","993","54.3%","1785","51.5%","2780","55.1%","-3.5pp"
"Over the Edge","G","C","85179","7.03","8054","10.42","5896","41.1%","54.1%","991","50.2%","1314","52.5%","2305","51.5%","3591","55.7%","-4.2pp"
"Buried Treasure","","C","90073","7.28","9744","10.66","1825","24.9%","51.4%","325","","402","","727","51.4%","1097","51.3%","0.1pp"
"Cartographer's Companion","","C","86732","6.53","14432","9.04","2636","35.2%","54.6%","478","","558","50.9%","1036","50.7%","1585","57.3%","-6.6pp"
"Daring Discovery","R","C","91769","8.51","11186","12.02","2820","21.3%","53.4%","406","","640","50.3%","1046","50.6%","1774","55.0%","-4.4pp"
"Goblin Tomb Raider","R","C","80856","6.38","17699","7.96","3566","33.9%","54.3%","622","52.1%","711","48.8%","1333","50.3%","2221","56.6%","-6.3pp"
"Pit of Offerings","","U","30692","5.58","3585","8.34","1356","50.9%","52.0%","230","","329","","559","49.9%","794","53.3%","-3.4pp"
"Basking Capybara","G","C","87304","7.22","8855","10.51","4683","35.1%","52.3%","806","51.7%","1032","48.3%","1838","49.8%","2826","53.9%","-4.1pp"
"Child of the Volcano","R","C","88792","7.48","9910","11.01","2171","20.3%","50.1%","363","","491","","854","49.3%","1315","50.6%","-1.3pp"
"Kaslem's Stonetree","G","C","84862","7.58","8028","11.25","3629","29.2%","51.9%","647","49.1%","802","47.4%","1449","48.2%","2178","54.3%","-6.1pp"
"Disturbed Slumber","G","C","92462","8.91","8422","13.05","1329","10.7%","51.7%","232","","291","","523","47.4%","806","54.5%","-7.0pp"
"Glowcap Lantern","G","U","28802","5.78","3140","8.47","1724","40.9%","50.1%","278","","421","","699","47.1%","1025","52.1%","-5.0pp"
"Abuelo's Awakening","W","R","6905","4.16","1242","5.38","9","","","1","","2","","3","","6","",""
"Acrobatic Leap","W","C","93048","8.74","12235","12.08","0","0.0%","","0","","0","","0","","0","",""
"Adaptive Gemguard","W","C","76332","5.80","12881","7.97","9","0.5%","","1","","0","","1","","8","",""
"Attentive Sunscribe","W","C","80634","6.02","13795","8.26","1","0.1%","","0","","0","","0","","1","",""
"Bat Colony","W","U","30953","6.45","4208","8.89","259","14.7%","","55","","57","","112","","146","",""
"Clay-Fired Bricks","W","U","22423","3.34","8089","3.75","16","1.8%","","2","","7","","9","","7","",""
"Cosmium Blast","W","C","73527","5.43","10070","7.78","30","1.9%","","5","","7","","12","","18","",""
"Dauntless Dismantler","W","U","30118","5.84","4616","8.01","0","0.0%","","0","","0","","0","","0","",""
"Deconstruction Hammer","W","C","88656","7.36","14217","9.99","5","0.2%","","1","","2","","3","","2","",""
"Dusk Rose Reliquary","W","U","18858","3.41","6120","4.01","37","5.9%","","7","","13","","20","","17","",""
"Envoy of Okinec Ahau","W","C","82026","6.41","10486","9.33","0","0.0%","","0","","0","","0","","0","",""
"Fabrication Foundry","W","R","9429","5.50","1338","7.97","0","","","0","","0","","0","","0","",""
"Family Reunion","W","C","90860","8.22","9977","11.97","6","0.2%","","1","","1","","2","","4","",""
"Get Lost","W","R","4052","2.45","1113","2.60","45","","","4","","11","","15","","30","",""
"Glorifier of Suffering","W","C","76004","5.75","12409","7.92","9","0.6%","","0","","3","","3","","6","",""
"Guardian of the Great Door","W","U","18149","3.31","5999","3.83","0","0.0%","","0","","0","","0","","0","",""
"Helping Hand","W","U","30615","6.14","4302","8.67","1","0.1%","","0","","0","","0","","1","",""
"Ironpaw Aspirant","W","C","75928","5.62","16017","7.28","8","0.4%","","2","","4","","6","","2","",""
"Kinjalli's Dawnrunner","W","U","19801","3.58","5671","4.30","10","1.3%","","3","","4","","7","","3","",""
"Kutzil's Flanker","W","R","3366","1.95","1659","2.00","25","","","4","","6","","10","","15","",""
"Malamet War Scribe","W","U","23476","4.39","5060","5.55","0","0.0%","","0","","0","","0","","0","",""
"Market Gnome","W","U","23865","4.32","5349","5.36","6","0.9%","","0","","3","","3","","3","",""
"Might of the Ancestors","W","U","30268","6.33","3626","9.19","2","0.2%","","0","","0","","0","","2","",""
"Miner's Guidewing","W","C","71999","5.20","16479","6.55","9","0.4%","","2","","2","","4","","5","",""
"Mischievous Pup","W","U","25336","4.62","5830","5.81","34","3.9%","","4","","9","","13","","21","",""
"Ojer Taq, Deepest Foundation","W","M","1122","1.41","736","1.38","24","","","3","","12","","15","","9","",""
"Oltec Archaeologists","W","C","87844","7.32","11392","10.44","21","0.8%","","3","","8","","11","","9","",""
"Oltec Cloud Guard","W","C","57145","3.93","17548","4.73","120","5.9%","","23","","34","","57","","63","",""
"Oteclan Landmark","W","C","83762","7.12","12264","9.89","5","0.2%","","0","","0","","0","","5","",""
"Petrify","W","C","55434","3.77","14254","4.82","244","12.8%","","35","","57","","92","","152","",""
"Quicksand Whirlpool","W","C","72644","5.28","10797","7.53","115","6.4%","","12","","24","","36","","79","",""
"Resplendent Angel","W","M","1126","1.39","833","1.34","27","","","3","","5","","8","","19","",""
"Ruin-Lurker Bat","W","U","19724","3.58","6704","4.08","19","2.2%","","2","","6","","8","","11","",""
"Sanguine Evangelist","W","R","2659","1.68","1881","1.66","93","","","11","","21","","32","","61","",""
"Soaring Sandwing","W","C","80016","5.98","11532","8.66","326","10.6%","","49","","83","","132","","193","",""
"Spring-Loaded Sawblades","W","U","17881","2.66","7324","3.02","87","10.7%","","16","","18","","34","","52","",""
"Thousand Moons Crackshot","W","C","90008","7.73","11128","10.95","6","0.2%","","1","","2","","3","","3","",""
"Thousand Moons Infantry","W","C","90028","7.86","10116","11.47","5","0.2%","","0","","1","","1","","4","",""
"Thousand Moons Smithy","W","R","2488","1.48","1834","1.42","29","","","6","","4","","10","","19","",""
"Tinker's Tote","W","C","63084","4.45","17342","5.54","16","1.0%","","2","","7","","9","","7","",""
"Unstable Glyphbridge","W","R","2763","1.70","1874","1.70","26","","","7","","5","","12","","14","",""
"Vanguard of the Rose","W","U","25193","4.68","6323","5.75","14","1.5%","","1","","4","","5","","9","",""
"Warden of the Inner Sky","W","R","2997","1.80","1819","1.78","24","","","7","","5","","12","","12","",""
"Akal Pakal, First Among Equals","U","R","3183","1.92","2115","1.89","32","","","9","","7","","16","","16","",""
"Ancestral Reminiscence","U","C","92248","8.48","11962","11.86","22","0.6%","","5","","4","","9","","13","",""
"Brackish Blunder","U","C","82857","6.48","16517","8.52","12","0.5%","","3","","2","","5","","7","",""
"Braided Net","U","R","4422","2.63","2053","2.69","25","","","3","","6","","9","","16","",""
"Chart a Course","U","U","24674","4.55","6481","5.58","0","0.0%","","0","","0","","0","","0","",""
"Cogwork Wrestler","U","C","84927","6.98","18368","8.74","0","0.0%","","0","","0","","0","","0","",""
"Confounding Riddle","U","U","27299","5.08","5659","6.63","19","1.8%","","3","","7","","10","","9","",""
"Council of Echoes","U","U","25603","4.85","5331","6.14","0","0.0%","","0","","0","","0","","0","",""
"Didact Echo","U","C","89226","7.61","12481","10.70","8","0.3%","","1","","4","","5","","3","",""
"Eaten by Piranhas","U","U","24382","4.54","5405","5.85","26","3.7%","","4","","11","","15","","11","",""
"The Enigma Jewel","U","M","3362","3.96","470","5.48","0","","","0","","0","","0","","0","",""
"The Everflowing Well","U","R","4111","2.53","1645","2.62","31","","","7","","10","","17","","14","",""
"Frilled Cave-Wurm","U","C","92096","8.54","10651","12.21","0","0.0%","","0","","0","","0","","0","",""
"Hermitic Nautilus","U","U","27257","5.16","6473","6.49","0","0.0%","","0","","0","","0","","0","",""
"Hurl into History","U","U","31436","6.29","5333","8.44","0","0.0%","","0","","0","","0","","0","",""
"Inverted Iceberg","U","C","76036","5.99","17720","7.56","13","0.6%","","3","","2","","5","","8","",""
"Kitesail Larcenist","U","R","2795","1.72","1946","1.69","76","","","12","","18","","30","","46","",""
"Lodestone Needle","U","U","27505","4.25","8736","4.98","24","2.4%","","3","","10","","13","","11","",""
"Malcolm, Alluring Scoundrel","U","R","2686","1.64","1870","1.59","22","","","3","","4","","7","","15","",""
"Marauding Brinefang","U","C","85697","6.90","11537","9.93","146","5.2%","","19","","35","","54","","91","",""
"Merfolk Cave-Diver","U","U","29800","6.24","4493","8.55","4","0.3%","","1","","2","","3","","1","",""
"Oaken Siren","U","C","71616","5.37","18614","6.63","11","0.5%","","4","","4","","8","","3","",""
"Ojer Pakpatiq, Deepest Epoch","U","M","1150","1.37","871","1.31","0","","","0","","0","","0","","0","",""
"Orazca Puzzle-Door","U","C","90290","7.83","16113","10.33","0","0.0%","","0","","0","","0","","0","",""
"Out of Air","U","C","90128","8.07","12556","11.23","0","0.0%","","0","","0","","0","","0","",""
"Pirate Hat","U","C","91004","8.43","14332","11.31","0","0.0%","","0","","0","","0","","0","",""
"Relic's Roar","U","C","94182","9.30","12489","12.69","0","0.0%","","0","","0","","0","","0","",""
"River Herald Scout","U","C","74797","5.58","16715","7.25","10","0.4%","","1","","2","","3","","7","",""
"Sage of Days","U","C","89679","8.00","12851","11.05","0","0.0%","","0","","0","","0","","0","",""
"Self-Reflection","U","U","33071","6.98","4723","9.78","23","1.4%","","5","","5","","10","","13","",""
"Shipwreck Sentry","U","C","87857","7.59","15892","9.99","2","0.1%","","1","","0","","1","","1","",""
"Sinuous Benthisaur","U","U","33094","6.83","4766","9.33","259","11.7%","","37","","62","","99","","152","",""
"Song of Stupefaction","U","C","92230","8.85","11863","12.32","0","0.0%","","0","","0","","0","","0","",""
"Spyglass Siren","U","U","17780","3.19","7761","3.56","9","1.2%","","0","","4","","4","","5","",""
"Staunch Crewmate","U","U","23134","4.26","7773","4.77","1","0.1%","","0","","0","","0","","1","",""
"Tishana's Tidebinder","U","R","3903","2.26","1758","2.33","13","","","3","","2","","5","","8","",""
"Unlucky Drop","U","C","91237","8.18","16587","10.54","5","0.1%","","0","","3","","3","","2","",""
"Waterlogged Hulk","U","U","40679","7.28","6186","9.99","0","0.0%","","0","","0","","0","","0","",""
"Waterwind Scout","U","C","57094","4.04","20442","4.69","113","5.0%","","18","","22","","40","","73","",""
"Waylaying Pirates","U","C","84589","6.87","16393","8.99","0","0.0%","","0","","0","","0","","0","",""
"Zoetic Glyph","U","U","20208","3.75","8636","3.97","59","5.2%","","9","","13","","22","","37","",""
"Abyssal Gorestalker","B","U","30007","6.03","3225","8.90","3","0.3%","","0","","0","","0","","3","",""
"Aclazotz, Deepest Betrayal","B","M","983","1.19","794","1.16","54","","","10","","13","","23","","32","",""
"Another Chance","B","C","84921","6.85","11257","9.57","71","2.9%","","13","","14","","27","","44","",""
"Bitter Triumph","B","U","14137","2.58","4622","2.95","150","20.6%","","27","","37","","64","","86","",""
"Bloodthorn Flail","B","U","35000","7.64","4047","11.06","0","0.0%","","0","","0","","0","","0","",""
"Bringer of the Last Gift","B","R","4315","2.75","1172","2.87","18","","","1","","2","","3","","14","",""
"Broodrage Mycoid","B","C","77334","5.88","9316","8.46","5","0.3%","","2","","1","","3","","2","",""
"Canonized in Blood","B","U","27546","5.52","2796","8.24","0","0.0%","","0","","0","","0","","0","",""
"Chupacabra Echo","B","U","13942","2.51","5113","2.84","13","2.0%","","5","","2","","7","","6","",""
"Corpses of the Lost","B","R","3423","2.13","1618","2.10","44","","","12","","9","","21","","23","",""
"Dead Weight","B","C","61248","4.32","12804","5.54","49","2.3%","","7","","16","","23","","26","",""
"Deathcap Marionette","B","C","74771","5.54","11313","7.55","11","0.7%","","1","","1","","2","","9","",""
"Deep Goblin Skulltaker","B","C","78492","6.08","8548","8.86","4","0.3%","","1","","1","","2","","2","",""
"Deep-Cavern Bat","B","U","17360","3.16","5507","3.67","20","2.7%","","5","","2","","7","","13","",""
"Echo of Dusk","B","C","78796","5.93","9761","8.45","4","0.3%","","0","","1","","1","","3","",""
"Fanatical Offering","B","C","80284","6.29","10891","8.78","28","1.4%","","5","","8","","13","","15","",""
"Gargantuan Leech","B","U","31050","6.32","3704","8.92","216","15.3%","","33","","58","","91","","120","",""
"Grasping Shadows","B","U","30300","4.74","4878","6.31","106","10.1%","","18","","21","","39","","67","",""
"Greedy Freebooter","B","C","82951","6.75","9268","9.83","0","0.0%","","0","","0","","0","","0","",""
"Join the Dead","B","C","44708","3.17","11930","3.82","29","1.8%","","7","","10","","17","","12","",""
"Malicious Eclipse","B","U","30295","6.21","3117","9.28","0","0.0%","","0","","0","","0","","0","",""
"Mephitic Draught","B","C","84205","6.83","11002","9.51","6","0.3%","","0","","0","","0","","6","",""
"Preacher of the Schism","B","R","2553","1.50","1650","1.45","177","","","24","","42","","66","","110","",""
"Primordial Gnawer","B","C","88475","7.55","9451","11.01","37","1.5%","","5","","9","","14","","23","",""
"Queen's Bay Paladin","B","R","4253","2.67","1264","2.71","3","","","1","","2","","3","","0","",""
"Rampaging Spiketail","B","C","77886","5.81","9757","8.29","110","4.3%","","18","","30","","48","","61","",""
"Ray of Ruin","B","C","76503","5.81","9134","8.37","166","7.4%","","28","","37","","65","","101","",""
"Screaming Phantom","B","C","82012","6.52","9617","9.30","1","0.1%","","1","","0","","1","","0","",""
"Skullcap Snail","B","C","72667","5.29","12431","7.06","17","1.0%","","4","","3","","7","","10","",""
"Soulcoil Viper","B","U","23046","4.31","3952","5.55","16","2.4%","","1","","5","","6","","10","",""
"Stalactite Stalker","B","R","3139","1.91","1438","1.89","0","","","0","","0","","0","","0","",""
"Starving Revenant","B","R","2970","1.78","1519","1.76","9","","","0","","2","","2","","7","",""
"Stinging Cave Crawler","B","U","19694","3.48","4096","4.36","0","","","0","","0","","0","","0","",""
"Synapse Necromage","B","U","24369","4.44","4499","5.76","6","0.8%","","0","","2","","2","","4","",""
"Tarrian's Journal","B","R","3289","2.03","1460","2.02","83","","","14","","26","","40","","43","",""
"Terror Tide","B","R","3387","2.02","1399","1.96","4","","","0","","0","","0","","4","",""
"Tithing Blade","B","C","65254","4.91","10146","6.71","17","1.3%","","2","","3","","5","","12","",""
"Visage of Dread","B","U","27821","4.14","5722","5.30","22","2.5%","","2","","5","","7","","15","",""
"Vito's Inquisitor","B","C","86088","7.30","9139","10.63","2","0.1%","","0","","0","","0","","2","",""
"Calamitous Cave-In","R","U","34046","7.18","4923","9.66","1077","21.6%","50.3%","178","","278","","456","","616","49.5%",""
"Dowsing Device","R","U","35750","5.76","6099","7.68","725","20.3%","52.0%","114","","154","","268","","457","",""
"Goldfury Strider","R","U","31212","6.09","4936","8.30","895","24.7%","52.1%","135","","207","","342","","550","52.0%",""
"Hit the Mother Lode","R","R","8879","5.13","1073","7.97","205","17.8%","","36","","46","","82","","123","",""
"Ojer Axonil, Deepest Might","R","M","1321","1.50","829","1.47","788","93.1%","55.7%","145","","169","","314","","470","",""
"Tectonic Hazard","R","C","93337","9.19","9849","13.21","369","3.7%","","52","","90","","142","","227","",""
"Zoyowa's Justice","R","U","34835","7.82","3941","11.47","537","13.5%","47.3%","89","","132","","221","","316","",""
"Ghalta, Stampede Tyrant","G","M","1631","1.94","450","2.08","738","85.4%","54.1%","112","","168","","280","","448","",""
"Growing Rites of Itlimoc","G","R","5398","3.26","740","4.20","558","56.1%","47.3%","87","","143","","230","","328","",""
"Spelunking","G","U","32683","6.90","3186","10.39","851","21.4%","53.2%","165","","202","","367","","483","",""
"Abuelo, Ancestral Echo","WU","R","4095","2.54","1882","2.46","0","","","0","","0","","0","","0","",""
"Akawalli, the Seething Tower","BG","U","22452","4.40","3566","5.65","266","15.1%","","37","","71","","108","","159","",""
"Amalia Benavides Aguirre","WB","R","5353","3.28","1171","3.83","0","","","0","","0","","0","","0","",""
"The Ancient One","UB","M","1948","2.54","521","2.57","0","","","0","","0","","0","","0","",""
"Anim Pakal, Thousandth Moon","WR","R","2972","1.84","1908","1.76","573","71.7%","56.2%","82","","148","","230","","342","",""
"Bartolomé del Presidio","WB","U","25858","5.12","4294","6.63","0","0.0%","","0","","0","","0","","0","",""
"The Belligerent","UR","R","4298","2.62","1943","2.62","356","48.2%","","59","","74","","133","","223","",""
"Caparocti Sunborn","WR","U","20087","3.89","6151","4.49","1010","39.6%","53.7%","178","","224","","402","","608","54.9%",""
"Captain Storm, Cosmium Raider","UR","U","22412","4.44","7276","4.83","71","4.4%","","13","","24","","37","","34","",""
"Deepfathom Echo","UG","R","4038","2.64","1591","2.51","453","56.3%","","83","","106","","189","","263","",""
"Gishath, Sun's Avatar","WRG","M","1739","2.11","474","2.14","778","91.1%","52.7%","130","","178","","308","","463","",""
"Kellan, Daring Traveler","WG","R","3225","1.98","1832","1.89","133","24.8%","","16","","31","","47","","85","",""
"Kutzil, Malamet Exemplar","WG","U","23546","4.63","3996","5.94","735","25.6%","54.7%","106","","151","","257","","474","",""
"Master's Guide-Mural","WU","U","26582","4.14","8080","4.82","15","1.6%","","2","","4","","6","","9","",""
"Molten Collapse","BR","R","4535","2.85","1319","3.02","210","29.4%","","31","","51","","82","","128","",""
"The Mycotyrant","BG","M","1620","2.00","601","1.93","31","","","5","","6","","11","","17","",""
"Nicanzil, Current Conductor","UG","U","24829","5.07","3821","6.61","182","8.6%","","27","","39","","66","","114","",""
"Quintorius Kand","WR","M","1022","1.22","882","1.21","389","","","67","","83","","150","","238","",""
"Saheeli, the Sun's Brilliance","UR","M","1784","2.21","850","2.16","106","","","23","","29","","52","","56","",""
"Sovereign Okinec Ahau","WG","M","1579","1.93","646","1.85","161","","","18","","48","","66","","95","",""
"Squirming Emergence","BG","R","6354","3.85","1016","4.89","61","10.2%","","8","","11","","19","","42","",""
"Uchbenbak, the Great Mistake","UB","U","26336","5.12","4065","6.98","0","0.0%","","0","","0","","0","","0","",""
"Vito, Fanatic of Aclazotz","WB","M","1408","1.72","752","1.61","0","","","0","","0","","0","","0","",""
"Wail of the Forgotten","UB","R","6724","3.97","1360","5.11","9","1.7%","","1","","3","","4","","5","",""
"Zoyowa Lava-Tongue","BR","U","24481","4.91","3988","6.52","94","5.6%","","16","","20","","36","","58","",""
"Contested Game Ball","","U","37578","8.72","4062","12.53","41","1.4%","","8","","8","","16","","25","",""
"Disruptor Wanderglyph","","C","93835","8.55","9429","12.40","293","4.9%","","37","","49","","86","","207","",""
"Hoverstone Pilgrim","","U","34124","6.69","4541","9.53","398","17.0%","","52","","93","","145","","250","",""
"Hunter's Blowgun","","C","91764","8.18","8696","12.11","511","8.9%","55.6%","84","","89","","173","","338","",""
"Matzalantli, the Great Door","","R","4940","3.01","885","3.52","164","31.1%","","18","","41","","59","","105","",""
"The Millennium Calendar","","M","2792","3.46","490","3.91","43","","","9","","8","","17","","26","",""
"Sorcerous Spyglass","","U","37306","8.72","4034","12.58","3","0.1%","","2","","0","","2","","1","",""
"Sunbird Standard","","U","38576","6.06","4680","8.86","1049","29.9%","50.9%","209","","206","","415","","634","51.4%",""
"Swashbuckler's Whip","","U","35303","7.47","3948","10.99","276","11.4%","","47","","56","","103","","173","",""
"Tarrian's Soulcleaver","","R","3132","1.88","1103","1.82","342","","","65","","79","","144","","198","",""
"Threefold Thunderhulk","","R","2223","1.32","1832","1.30","1026","94.2%","57.3%","191","","231","","422","","603","57.7%",""
"Throne of the Grim Captain","","R","6036","3.66","1222","4.47","64","10.5%","","9","","15","","24","","40","",""
"Treasure Map","","R","2679","1.66","1645","1.63","999","93.2%","54.6%","199","","198","","397","","602","55.5%",""
"Cavern of Souls","","M","2237","2.67","410","3.19","301","","","49","","77","","126","","172","",""
"Cavernous Maw","","U","33191","6.56","3642","9.62","786","30.3%","51.1%","126","","190","","316","","463","",""
"Echoing Deeps","","R","8807","4.82","1035","7.11","126","18.3%","","20","","32","","52","","74","",""
"Forgotten Monument","","U","33725","6.64","3843","9.59","833","29.6%","50.2%","136","","203","","339","","490","",""
"Hidden Cataract","","B","75483","6.50","13323","8.97","414","15.2%","","75","","115","","190","","221","",""
"Hidden Courtyard","","B","75203","6.38","11993","8.93","730","27.0%","47.4%","114","","182","","296","","427","",""
"Hidden Necropolis","","B","73164","6.13","10111","8.65","439","18.1%","","63","","100","","163","","274","",""
"Restless Anchorage","","R","4637","2.58","1865","2.72","18","","","5","","3","","8","","10","",""
"Restless Prairie","","R","5044","2.89","1340","3.26","446","44.2%","","75","","124","","199","","246","",""
"Restless Reef","","R","4674","2.73","1439","3.00","19","","","1","","3","","4","","15","",""
"Restless Vents","","R","5175","2.99","1324","3.49","150","22.3%","","25","","33","","58","","92","",""
"Sunken Citadel","","R","5454","3.01","1233","3.60","692","78.4%","53.0%","115","","147","","262","","426","",""
"Volatile Fault","","U","35396","7.23","3644","10.92","580","22.4%","50.3%","86","","147","","233","","346","",""
"Deeproot Pilgrimage","U","R","6789","4.36","1233","5.36","0","","","0","","0","","0","","0","",""
"Subterranean Schooner","U","R","2941","1.85","1989","1.80","29","","","5","","2","","7","","22","",""
"Acolyte of Aclazotz","B","C","86952","7.36","10000","10.42","4","0.2%","","2","","0","","2","","2","",""
"Bloodletter of Aclazotz","B","M","1303","1.54","677","1.48","0","","","0","","0","","0","","0","",""
"Defossilize","B","U","22622","4.28","4208","5.44","227","21.2%","","47","","47","","94","","133","",""
"Fungal Fortitude","B","C","87826","7.59","8779","11.21","1","0.0%","","1","","0","","1","","0","",""
"Souls of the Lost","B","R","3713","2.26","1170","2.33","16","","","2","","9","","11","","5","",""
"Cosmium Confluence","G","R","5947","3.58","1123","4.18","779","59.6%","55.1%","134","","173","","307","","472","",""
"Chimil, the Inner Sun","","M","955","1.14","854","1.14","593","99.2%","60.7%","97","","165","","262","","332","",""
"Runaway Boulder","","C","90700","7.39","10034","10.85","1212","20.0%","52.6%","199","","280","","479","","732","55.9%",""